<?xml version="1.0" encoding="UTF-8"?>
<beans xmlns="http://www.springframework.org/schema/beans"
	xmlns:xsi="http://www.w3.org/2001/XMLSchema-instance"
	xmlns:context="http://www.springframework.org/schema/context"
	xmlns:util="http://www.springframework.org/schema/util"
	xmlns:mvc="http://www.springframework.org/schema/mvc"
	xsi:schemaLocation="
        http://www.springframework.org/schema/beans http://www.springframework.org/schema/beans/spring-beans.xsd
        http://www.springframework.org/schema/context
    	http://www.springframework.org/schema/context/spring-context.xsd
    	http://www.springframework.org/schema/util
    	http://www.springframework.org/schema/util/spring-util.xsd">

	<context:annotation-config />
	<context:component-scan base-package="com.controller"></context:component-scan>
	
	
	
	
	<bean class="org.springframework.jdbc.datasource.DriverManagerDataSource" name="ds">
	<property name="driverClassName"  value="com.microsoft.sqlserver.jdbc.SQLServerDriver"></property>
	<property name="url" value="jdbc:sqlserver://localhost;databaseName=divya;instanceName=SQLEXPRESS"></property>
	<property name="username" value="sa"></property>
	<property name="password" value="password_123"></property>
	</bean>
	
	
	<bean class="org.springframework.jdbc.core.JdbcTemplate" name="jdbctemp">
	<property name="dataSource">
	<ref bean="ds" />
	</property>
	</bean>
	
	 
	<bean class="com.dao.AadminDaoImpl" name="adminDao" >
	<property name="jdbcTemplate" ref="jdbctemp"></property>
	</bean>
	
	<bean class="com.dao.StudentDaoImpl" name="studentDao" >
	<property name="jdbcTemplate" ref="jdbctemp"></property>
	</bean>

	<bean class="com.service.Menus" name="allMenu" >
	<property name="jdbcTemplate" ref="jdbctemp"></property>
	</bean>

	<bean class="org.springframework.web.servlet.view.InternalResourceViewResolver" name="viewResolver">
	<property name="prefix" value="/WEB-INF/view/" ></property>
	<property name="suffix" value=".jsp"></property>	
	</bean>
</beans>