<?xml version="1.0" encoding="UTF-8"?>

<hibernate-configuration>



<session-factory>



<!-- Database connection settings -->
<property name="connection.driver_class">com.microsoft.sqlserver.jdbc.SQLServerDriver</property>
<property name="connection.url">jdbc:sqlserver://IMCUBCP237-BLL\SQLEXPRESS;databaseName=divya</property>
<property name="connection.username">sa</property>
<property name="connection.password">password_123</property>



<!-- JDBC connection pool (use the built-in) -->
<property name="connection.pool_size">2</property>



<!-- SQL dialect -->
<property name="dialect">org.hibernate.dialect.SQLServerDialect</property>



<!-- Disable the second-level cache -->
<property name="cache.provider_class">org.hibernate.cache.internal.NoCacheProvider</property>



<!-- Echo all executed SQL to stdout -->
<property name="show_sql">true</property>



<!-- Drop and re-create the database schema on startup -->
<property name="hbm2ddl.auto">create</property>



<!-- Names the annotated entity class -->
<mapping class="com.hibernate6.Doctor" />
<mapping class="com.hibernate6.Patient" />


</session-factory>





</hibernate-configuration>