<?xml version="1.0" encoding="UTF-8"?>
<beans xmlns="http://www.springframework.org/schema/beans"
	xmlns:xsi="http://www.w3.org/2001/XMLSchema-instance"
	xmlns:context="http://www.springframework.org/schema/context"
	xsi:schemaLocation="http://www.springframework.org/schema/beans http://www.springframework.org/schema/beans/spring-beans.xsd
		http://www.springframework.org/schema/context http://www.springframework.org/schema/context/spring-context-4.3.xsd">









<bean id="cust1"  class="com.spring.Customer">
<property name="custId"  value="101"/>
<property name="custName" value="Alex" />
<property name="payment"><ref bean="pay"/></property>
<!-- <property name="payment" ref="pay"/>-->

<property name="contact">
<list>
<ref bean="cont1"/>
<ref bean="cont2"/>
<ref bean="cont3"/>
</list>
</property>
</bean>



<bean id="pay" class="com.spring.Payment">
<constructor-arg value="8000"></constructor-arg>
<constructor-arg value="Payment Done"></constructor-arg>
</bean>

<bean id="cont1" class="com.spring.ContactDetails">
<property name="contactAddress" value="India"></property>
</bean>

<bean id="cont2" class="com.spring.ContactDetails">
<property name="contactAddress" value="US"></property>
</bean>

<bean id="cont3" class="com.spring.ContactDetails">
<property name="contactAddress" value="China"></property>
</bean>

</beans>
