<?xml version="1.0" encoding="UTF-8"?>
<beans xmlns="http://www.springframework.org/schema/beans"
	xmlns:xsi="http://www.w3.org/2001/XMLSchema-instance"
	xmlns:context="http://www.springframework.org/schema/context"
	xsi:schemaLocation="http://www.springframework.org/schema/beans http://www.springframework.org/schema/beans/spring-beans.xsd
		http://www.springframework.org/schema/context http://www.springframework.org/schema/context/spring-context-4.3.xsd">




<!-- <bean id="cust"  class="com.spring.Customer">
<property name="custId"  value="101"/>
<property name="custName" value="Alex" />

</bean> -->



<bean id="cust1"  class="com.spring.Customer" autowire="constructor">
<!-- <property name="custId"  value="102"/>
<property name="custName" value="Corton" /> -->
<constructor-arg type="int" value="111"></constructor-arg>
<constructor-arg value="David"></constructor-arg>
</bean>


<bean id="pay" class="com.spring.Payment">
<constructor-arg value="8000"></constructor-arg>
<constructor-arg value="Payment Done"></constructor-arg>
</bean>

<bean id="pay2" class="com.spring.Payment">
<constructor-arg value="8000"></constructor-arg>
<constructor-arg value="Payment Done"></constructor-arg>
</bean>

</beans>
